experiment,param,rmse_u1_mean,rmse_u1_std,rmse_u2_mean,rmse_u2_std,rmse_diff_mean,rmse_diff_std,extra
baseline,"N=2000,T=40,K=625",3.417823621554281,1.1692309738956506,3.491147996064921,1.1940729736517786,,,
vary_N,N=500,3.515604304049432,0.6610132955758762,3.483176627524075,0.7513101587098562,,,
vary_N,N=1000,3.293264892842276,1.0380622237080714,3.30849800425686,1.0875487852217327,,,
vary_N,N=2000,3.331562966676353,1.1105319111474088,3.4027103105940997,1.1323738495783284,,,
vary_N,N=5000,3.1852002060604745,0.9642829469159527,3.2822742666190057,0.974028032346854,,,
vary_T,T=10,3.4365401474864807,0.8677057540697639,3.408705316073019,0.9422389411238813,,,
vary_T,T=20,3.503832704779436,1.0322583201244213,3.5353386824862723,1.0625582969843328,,,
vary_T,T=40,3.442210117430917,1.19615364508892,3.516411942442935,1.2177243485114502,,,
vary_T,T=80,4.198921022544309,1.0984211361537504,4.315877340665667,1.1045445807007532,,,
vary_K,K=81,3.099612383412233,0.36103470998210657,3.2215459506380535,0.3665061222842426,,,
vary_K,K=256,3.192008717478382,0.964900206469761,3.2900970599939328,0.9786186115062318,,,
vary_K,K=625,3.7093539780090414,1.0983506142015875,3.782303239903975,1.1192365280621401,,,
vary_K,K=1296,4.183471451036104,0.20044208190460877,4.254013165021409,0.20477235192893523,,,
vary_beta,beta=0.9,3.0368597865186637,0.730675947000176,3.108275421850079,0.753447489958346,,,
vary_beta,beta=0.95,3.4577729839287126,1.0045256514866057,3.5348544344445987,1.028861027330776,,,
vary_beta,beta=0.976,3.6486463616518967,1.047227527410428,3.7278641924216385,1.0639792632727618,,,
vary_beta,beta=0.99,3.3007103995934215,1.1043992873019204,3.3703914921042286,1.1237044596987555,,,
vary_exit,exit=0.0005,3.58216127302358,1.0547089195783164,3.662253424173139,1.076636016393345,0.38986755945700097,0.025058162485087784,
vary_exit,exit=0.001,3.089030566290419,1.029544204420327,3.151312129461066,1.055706678145225,0.38981825677562487,0.027483663426454096,
vary_exit,exit=0.003,3.476472537987467,1.0826851534579274,3.529341647761399,1.0947533111399486,0.3855577421569875,0.02613915510423292,
vary_exit,exit=0.01,3.2945644200289825,0.7814249396161326,3.315120713065517,0.7881681875304932,0.41880346970583215,0.026027143466144497,
nonlinear,mismatch,3.332059500595021,1.0675502821234815,3.3979413408027725,1.093543526956339,,,n_reps=30
bootstrap,"n_outer=50,n_boot=50",,,,,,,"cov_u1=0.2612,cov_u2=0.2319,cov_diff=0.9946"
laplace,alpha_L=0.01,4.364888720672185,1.5824038600856571,4.416803851303111,1.6185012434840944,,,
laplace,alpha_L=0.1,3.5464269284026897,1.0708057513659333,3.619359386696326,1.0896196076304332,,,
laplace,alpha_L=0.5,3.297234991731989,0.5915972621664202,3.396728784109351,0.6027429548777304,,,
laplace,alpha_L=1.0,3.244116540086,0.4157772493459542,3.3692966622713385,0.42565992172377615,,,
irl,gamma=0.5772,,,,,,,"bounds_ok=30/30,D_range=[3.0586,6.8653],cont_err=8.23e-07"
